{
  "launch": {
    "configurations": [
      {
        "name": "C/C++: g++ build and debug active file",
        "type": "cppdbg",
        "request": "launch",
        "program": "${fileDirname}/${fileBasenameNoExtension}",
        "args": [],
        "stopAtEntry": false,
        "cwd": "${workspaceFolder}",
        "environment": [],
        "externalConsole": false,
        "MIMode": "gdb",
        "setupCommands": [
          {
            "description": "Enable pretty-printing for gdb",
            "text": "-enable-pretty-printing",
            "ignoreFailures": true
          }
        ],
        "preLaunchTask": "C/C++: g++ build active file",
        "miDebuggerPath": "/usr/bin/gdb",
        "logging": {
          "trace": true,
          "traceResponse": true,
          "engineLogging": true,
          "programOutput": true,
          "exceptions": true
        }
      }
    ]
  }
}
